<annotation>
	<folder>Royal_1</folder>
	<filename>3m_2202_1410_000067.png</filename>
	<path>D:\camera\Royal_1\3m_2202_1410_000067.png</path>
	<source>
		<database>Unknown</database>
	</source>
	<size>
		<width>1920</width>
		<height>1080</height>
		<depth>3</depth>
	</size>
	<segmented>0</segmented>
	<object>
		<name>head</name>
		<pose>Unspecified</pose>
		<truncated>0</truncated>
		<difficult>0</difficult>
		<bndbox>
			<xmin>889</xmin>
			<ymin>15</ymin>
			<xmax>991</xmax>
			<ymax>111</ymax>
		</bndbox>
	</object>
	<object>
		<name>head</name>
		<pose>Unspecified</pose>
		<truncated>0</truncated>
		<difficult>0</difficult>
		<bndbox>
			<xmin>714</xmin>
			<ymin>144</ymin>
			<xmax>828</xmax>
			<ymax>259</ymax>
		</bndbox>
	</object>
	<object>
		<name>head</name>
		<pose>Unspecified</pose>
		<truncated>0</truncated>
		<difficult>0</difficult>
		<bndbox>
			<xmin>891</xmin>
			<ymin>279</ymin>
			<xmax>1038</xmax>
			<ymax>421</ymax>
		</bndbox>
	</object>
	<object>
		<name>head</name>
		<pose>Unspecified</pose>
		<truncated>0</truncated>
		<difficult>0</difficult>
		<bndbox>
			<xmin>1506</xmin>
			<ymin>641</ymin>
			<xmax>1660</xmax>
			<ymax>792</ymax>
		</bndbox>
	</object>
</annotation>
