<annotation>
	<folder>Royal_1</folder>
	<filename>3m_2202_1410_000066.png</filename>
	<path>D:\camera\Royal_1\3m_2202_1410_000066.png</path>
	<source>
		<database>Unknown</database>
	</source>
	<size>
		<width>1920</width>
		<height>1080</height>
		<depth>3</depth>
	</size>
	<segmented>0</segmented>
	<object>
		<name>head</name>
		<pose>Unspecified</pose>
		<truncated>0</truncated>
		<difficult>0</difficult>
		<bndbox>
			<xmin>1058</xmin>
			<ymin>46</ymin>
			<xmax>1160</xmax>
			<ymax>140</ymax>
		</bndbox>
	</object>
	<object>
		<name>head</name>
		<pose>Unspecified</pose>
		<truncated>0</truncated>
		<difficult>0</difficult>
		<bndbox>
			<xmin>933</xmin>
			<ymin>136</ymin>
			<xmax>1051</xmax>
			<ymax>257</ymax>
		</bndbox>
	</object>
	<object>
		<name>head</name>
		<pose>Unspecified</pose>
		<truncated>0</truncated>
		<difficult>0</difficult>
		<bndbox>
			<xmin>1116</xmin>
			<ymin>306</ymin>
			<xmax>1265</xmax>
			<ymax>454</ymax>
		</bndbox>
	</object>
	<object>
		<name>head</name>
		<pose>Unspecified</pose>
		<truncated>0</truncated>
		<difficult>0</difficult>
		<bndbox>
			<xmin>1658</xmin>
			<ymin>682</ymin>
			<xmax>1791</xmax>
			<ymax>817</ymax>
		</bndbox>
	</object>
</annotation>
